algorithm,benchmark,seed,best_weight,feasible,max_stress,max_displacement,wall_time_s,n_evals,pareto_n_points
nsga2,200-bar planar stepped tower,42,5363.402712130642,True,45518808.562708735,0.002134249564430957,207.38627518300018,15000,100
nsga2,200-bar planar stepped tower,123,4678.330301868147,True,42408197.20823104,0.002161783039319533,209.590251179,15000,100
nsga2,200-bar planar stepped tower,456,5796.064988103346,True,19758355.396877892,0.001275484181437622,208.61692037700004,15000,100
