algorithm,benchmark,seed,best_weight,feasible,max_stress,max_displacement,wall_time_s,n_evals,pareto_n_points
ga,200-bar planar stepped tower,42,316.6072735302927,True,249996233.92273167,0.03268690797465537,1058.8060718749998,20000,0
ga,200-bar planar stepped tower,123,318.20573888007044,True,249996009.98300457,0.03247310500216421,350.4118284169999,20000,0
ga,200-bar planar stepped tower,456,316.85312564032427,True,249982987.13737658,0.03262005056973604,190.15297504199998,20000,0
ga,200-bar planar stepped tower,789,319.25851272285183,True,249978640.77900007,0.03223733174746623,202.42341358400063,20000,0
ga,200-bar planar stepped tower,2024,318.0732958077084,True,249959052.5006311,0.03260873186608448,209.59177587500017,20000,0
