algorithm,benchmark,seed,best_weight,feasible,max_stress,max_displacement,wall_time_s,n_evals,pareto_n_points
pso,200-bar planar stepped tower,42,316.1488418498593,True,249991168.1987827,0.03275244222823251,187.93910783299998,20000,0
pso,200-bar planar stepped tower,123,316.30591609406036,True,249997118.35466325,0.03275989911410808,169.31870450000042,20000,0
pso,200-bar planar stepped tower,456,321.49488007200415,True,249991204.91625908,0.03270437774601528,158.7179538749997,20000,0
pso,200-bar planar stepped tower,789,322.0088851177564,True,249913188.33495113,0.03258885159321346,157.83566891600003,20000,0
pso,200-bar planar stepped tower,2024,315.89221550800573,True,249995635.17614153,0.03274677123515137,177.86581224999918,20000,0
