seed,gens_random,gens_llm,final_random,final_llm
42,199,18,575.1692021247635,546.0089136545579
123,23,22,547.6372754256769,547.7280949373003
456,26,18,550.1149203172098,545.6923210844485
