algorithm,benchmark,seed,best_weight,feasible,max_stress,max_displacement,wall_time_s,n_evals,pareto_n_points
nsga2,72-bar spatial tower,42,555.3992751143753,True,7194.108400815226,0.24994431985804852,197.69184019599993,30000,100
nsga2,72-bar spatial tower,123,554.1698676229433,True,6216.758675615619,0.2499040111997122,158.2736746600001,30000,100
nsga2,72-bar spatial tower,456,557.397129338044,True,8873.402106680493,0.24967273984162613,110.35794402400006,30000,100
