seed,gens_random,gens_llm,final_random,final_llm
42,44,38,551.3724152422171,550.3134290577801
123,45,40,550.8995731006825,549.0713138905415
456,33,50,549.7762307146512,550.5424920319834
789,48,62,549.8383320273985,552.4528700283649
2024,61,52,553.3674332293929,550.3492150203978
