seed,gens_random,gens_llm,final_random,final_llm
42,199,199,551.9532982664988,552.8655402958856
123,199,199,554.638303051491,553.2510479187562
456,199,199,551.1854260605265,559.578956179747
