benchmark,algorithm,n_seeds,best,mean,std,feasible_frac,mean_evals,mean_time_s,lit_opt,pct_err_best
10-bar planar,ga,10,5062.783330110654,5075.915991537392,7.109829717691269,1.0,50000.0,12.396497070799978,5060.85,0.03820168767407677
10-bar planar,nsga2,3,5081.514968242889,5098.383974771678,14.621679795865866,1.0,30000.0,20.34508559733331,5060.85,0.4083299888929486
10-bar planar,pso,5,5061.04908176561,5064.697997060857,7.208386713596238,1.0,25000.0,6.428840791599941,5060.85,0.003933761435522934
