benchmark,algorithm,n_seeds,best,mean,std,feasible_frac,mean_evals,mean_time_s,lit_opt,pct_err_best
10-bar planar,ga,10,5062.783330110654,5075.915991537392,7.109829717691269,1.0,50000.0,12.396497070799978,5060.85,0.03820168767407677
10-bar planar,pso,5,5061.04908176561,5064.697997060857,7.208386713596238,1.0,25000.0,6.428840791599941,5060.85,0.003933761435522934
10-bar planar,nsga2,3,5081.514968242889,5098.383974771678,14.621679795865866,1.0,30000.0,20.34508559733331,5060.85,0.4083299888929486
25-bar spatial,ga,5,545.3022351922563,546.6415556481012,1.2422373432838063,1.0,50000.0,107.17602481179998,545.22,0.015082937576801065
25-bar spatial,pso,5,545.26256628495,545.3904250999057,0.10333457795240622,1.0,50000.0,111.32139431140004,545.22,0.007807175993176807
25-bar spatial,nsga2,3,545.4744287344089,546.239148029617,0.664192519601115,1.0,30000.0,47.160456220666674,545.22,0.046665334068607456
72-bar spatial tower,ga,4,549.3821672773698,549.7362796444532,0.25949520158087996,1.0,50000.0,218.2171418929999,379.62,44.718973520196464
72-bar spatial tower,pso,3,548.8684621202882,548.8688603479251,0.0003622292393523297,1.0,50000.0,233.74314727066667,379.62,44.583652631654864
72-bar spatial tower,nsga2,3,554.1698676229433,555.6554240251209,1.628807460320546,1.0,30000.0,155.44115296000004,379.62,45.98015584609434
